[
  {
    "id": null,
    "title": "Easily Implement UUIDs as Primary Keys in Spring Boot 3",
    "desc": "In this tutorial you will learn how to use one of the new features in Jakarta EE 10 in a Spring Boot 3 application.",
    "status": "PUBLISHED",
    "contentType": "ARTICLE",
    "dateCreated": "2023-01-27T00:00:00.000000",
    "dateUpdated": null,
    "url": "https://www.danvega.dev/blog/2023/01/27/jakarta-ee-10-uuid/"
  },
  {
    "id": null,
    "title": "Spring Boot JWT - How to Secure your REST APIs with Spring Security and Json Web Tokens",
    "desc": "In this tutorial, you will learn how to secure REST APIs with Spring Security and Json Web Tokens.",
    "status": "PUBLISHED",
    "contentType": "ARTICLE",
    "dateCreated": "2022-09-06T00:00:00.000000",
    "dateUpdated": null,
    "url": "https://www.danvega.dev/blog/2022/09/06/spring-security-jwt/"
  },
  {
    "id": null,
    "title": "GraphQL Spring Boot - Up and Running with Spring for GraphQL",
    "desc": "In this tutorial you are going to learn how to get up and running with Spring for GraphQL.",
    "status": "PUBLISHED",
    "contentType": "ARTICLE",
    "dateCreated": "2022-05-17T00:00:00.000000",
    "dateUpdated": null,
    "url": "https://www.danvega.dev/blog/2022/05/17/spring-for-graphql/"
  },
  {
    "id": null,
    "title": "Can Chat GPT Build a Spring Boot Application",
    "desc": "In this video, we'll investigate whether it is possible to use Chat GPT to write a Spring Boot application.",
    "status": "PUBLISHED",
    "contentType": "VIDEO",
    "dateCreated": "2023-02-14T00:00:00.000000",
    "dateUpdated": null,
    "url": "https://youtu.be/CXbXoMIVpRg"
  },
  {
    "id": null,
    "title": "Building Native Images in Java with GraalVM",
    "desc": "In this tutorial, we will explore the exciting and powerful process of creating native executables in Java using GraalVM.",
    "status": "PUBLISHED",
    "contentType": "VIDEO",
    "dateCreated": "2023-02-03T00:00:00.000000",
    "dateUpdated": null,
    "url": "https://youtu.be/Rk4zfvVvRks"
  },
  {
    "id": null,
    "title": "My IntelliJ Setup",
    "desc": "In this video, I am going to walk you through my IntelliJ IDEA Setup for 2023. \n",
    "status": "PUBLISHED",
    "contentType": "VIDEO",
    "dateCreated": "2023-02-01T00:00:00.000000",
    "dateUpdated": null,
    "url": "https://youtu.be/g78is10FjF0"
  }
]

